2.465662680217414859e+00,-1.833727656057462907e+00
-1.948187404881749574e+00,1.482226027148514369e+00
1.170991011708820917e+00,-1.005105049693519881e+00
-1.672649370876177599e+00,1.276787363893082894e+00
2.574136378399280556e+00,-1.899720422063346126e+00
9.224786608524804254e-01,-8.216168218862175410e-01
2.218796615028105990e+00,-1.663210448259311969e+00
2.300879053610531688e+00,-1.728193480327972598e+00
2.629394283620678507e+00,-1.942755842342627437e+00
9.179769352788461623e-01,-8.486189680677062031e-01
1.568629870927202852e+00,-1.262802114725684044e+00
2.414334613507856275e+00,-1.798777270049772392e+00
2.078320055394768939e+00,-1.597344646908285704e+00
1.427201002261307750e+00,-1.151601205263526495e+00
1.341462215796894064e+00,-1.127671238484325933e+00
1.360785693372795313e+00,-1.121108005857847978e+00
1.448806053525725224e+00,-1.202640495968114065e+00
-7.216739908628759803e-01,7.138072684812160063e-01
2.345099143318808199e+00,-1.756401600423158182e+00
2.284733438650230930e+00,-1.719211658010894705e+00
1.597712241617059492e+00,-1.277152944976110982e+00
1.538003515645969488e+00,-1.238431222789208030e+00
1.314919712569432297e+00,-1.092321839122651683e+00
1.185856913220059816e+00,-1.011336419331315017e+00
2.248977481832111991e+00,-1.682060825316143537e+00
-2.550127960864436272e+00,1.894330599260273917e+00
1.977270878893779837e+00,-1.500120812975446860e+00
-7.578388251762840921e-01,7.381144814527677012e-01
2.622648564739380905e+00,-1.941543759347051701e+00
1.704330480630221079e+00,-1.310331990628448295e+00
1.390371297209065382e+00,-1.119460492235953675e+00
-2.236670050790955599e+00,1.696413110585125228e+00
1.007505039040377248e+00,-8.777084002214778913e-01
2.510120310802413268e+00,-1.871740877714567430e+00
-7.302301388631072809e-01,7.122451538065499577e-01
2.057319694741620353e+00,-1.536968119788432841e+00
1.755214612351521319e+00,-1.362920448669256102e+00
2.164946530684967563e+00,-1.641738423794045554e+00
2.591440762285608379e+00,-1.922406918873350579e+00
2.260436611841939669e+00,-1.688414675226769690e+00
1.249173269554181509e+00,-1.053392710774786689e+00
1.554048363287461321e+00,-1.247374922895931659e+00
1.531765915135141931e+00,-1.188528024743936706e+00
2.039740346781135916e+00,-1.557383065346880535e+00
1.451299768382296129e+00,-1.192923072415574159e+00
-2.373615478327701478e+00,1.768630460790370895e+00
2.246344746461483410e+00,-1.665025705828785396e+00
-1.851032567761047520e+00,1.434872875492768873e+00
1.609382610314663564e+00,-1.301416735087021381e+00
2.294294670754819965e+00,-1.719036496469867226e+00
1.943152095440175753e+00,-1.488473873054819929e+00
2.664147436018796000e+00,-1.972988178438898066e+00
2.210108342813003723e+00,-1.658854517100652348e+00
2.614898225336628190e+00,-1.938738999073261748e+00
1.927053063337693883e+00,-1.461396255344614703e+00
-2.286736322926963272e+00,1.720536350641317824e+00
-2.384084932267941159e+00,1.787707887154161179e+00
8.569548825181195761e-01,-7.884197309302906076e-01
2.442558512990183672e+00,-1.796739949644180268e+00
2.422550190452124497e+00,-1.814299956438308881e+00
2.516780325184521772e+00,-1.884588999013724120e+00
1.106326275299004180e+00,-9.505426030609650523e-01
1.985236491615921528e+00,-1.516396690377473933e+00
2.556833805042292518e+00,-1.906559825127897900e+00
1.749162139283048090e+00,-1.390924728901512752e+00
1.679953317932987966e+00,-1.320280661576969106e+00
1.481096161835586456e+00,-1.188601267861385757e+00
2.309204109188893295e+00,-1.739081936992876720e+00
2.275337370415155824e+00,-1.710601462305020970e+00
1.177102915438722919e+00,-9.573664256785013871e-01
2.399733917350573176e+00,-1.793937074262280884e+00
-2.420729840968861346e+00,1.814131545724053884e+00
2.360537126080295867e+00,-1.767222143422907399e+00
1.905351166241304073e+00,-1.465145498068531449e+00
1.002996869836436211e+00,-8.961018532105564649e-01
2.627557534312872534e+00,-1.945513262840501634e+00
2.644955966567823058e+00,-1.958378591351646270e+00
1.145719187733966526e+00,-9.960272164709988996e-01
2.244222492315852691e+00,-1.689010917694287794e+00
2.195608366578255310e+00,-1.655235831408520930e+00
2.013287228871587953e+00,-1.569381837806630875e+00
1.647312985093059456e+00,-1.287745010736691675e+00
2.072175736515766253e+00,-1.562325658334520195e+00
2.585940817023662852e+00,-1.920165387325021067e+00
2.450999202462474713e+00,-1.830910061901676045e+00
1.197931476724228839e+00,-9.838805289439170876e-01
2.377779498206561204e+00,-1.779332547920652763e+00
1.867671995702824050e+00,-1.442877960565785767e+00
-7.355986109118093363e-01,7.157198660144173941e-01
2.223697202120761496e+00,-1.670116781337985357e+00
-2.320965179093213315e+00,1.744142418390215887e+00
2.394625302076681450e+00,-1.792122744848865024e+00
1.476854924899834831e+00,-1.212099318287772620e+00
1.713765794634940720e+00,-1.315257261539003686e+00
-7.216739908628759803e-01,7.138072684812160063e-01
2.219809606698597726e+00,-1.678635165121439732e+00
1.931430218578148672e+00,-1.477724037730961282e+00
7.390259243798711353e-01,-7.115091680317888745e-01
1.227512112185321635e+00,-1.028636279463104986e+00
2.504227362535766055e+00,-1.862299455458742425e+00
9.123533959700966811e-01,-8.603622544865778821e-01
2.409551731447542533e+00,-1.800146971719176259e+00
2.040663378030486808e+00,-1.559582690191183563e+00
2.507674872611155514e+00,-1.865273150612210440e+00
1.666369708528256277e+00,-1.305685434931194822e+00
2.155996123610050219e+00,-1.606410465576873836e+00
1.754746635494889961e+00,-1.362920448669256102e+00
1.668530827425237284e+00,-1.307035793953964076e+00
1.179622503843042791e+00,-9.901823629924842995e-01
1.842909269330825772e+00,-1.439883981023773796e+00
1.293589816617196631e+00,-1.053722436605542878e+00
1.309128613866207269e+00,-1.053816781775057221e+00
1.118586848579775639e+00,-9.667544222701845991e-01
1.682398054910021257e+00,-1.337256766524226537e+00
1.075953939910895052e+00,-9.307099108467379311e-01
2.025012432986455835e+00,-1.515046318640550727e+00
1.349710303036906645e+00,-1.120412244316390193e+00
1.207571727635645908e+00,-9.891386977671645653e-01
2.381100328653581233e+00,-1.762423199665754447e+00
2.561095594401806785e+00,-1.910653143718851421e+00
1.594843865882457079e+00,-1.236877122100754178e+00
2.604679575202001995e+00,-1.922415005428790291e+00
2.059629979517719089e+00,-1.590491082770205233e+00
2.306781466082708842e+00,-1.714703774043324858e+00
2.029588712854464738e+00,-1.554107521160117633e+00
2.075169156416186489e+00,-1.562409449856042354e+00
2.014193576554788034e+00,-1.498885189820023944e+00
1.055467317152385620e+00,-8.810051137652207265e-01
2.381514450916037084e+00,-1.773020982434694748e+00
-7.432864976131116075e-01,7.177263511069322810e-01
2.119684263057464157e+00,-1.612198615996887074e+00
1.684501597631668401e+00,-1.345636139093592254e+00
1.441364851172744599e+00,-1.150834407672745918e+00
2.514665248389141627e+00,-1.876949615777407265e+00
1.140173914964061508e+00,-9.639132564465049402e-01
9.536200358523786447e-01,-8.570204191520064407e-01
1.641632604717779609e+00,-1.264525759306571073e+00
1.773323483446492155e+00,-1.382667808322093572e+00
2.109700451215112071e+00,-1.611471444262021269e+00
2.198485185994763391e+00,-1.637613505485016274e+00
2.461090811402953271e+00,-1.817437037406973266e+00
1.964143578328348960e+00,-1.500918677080868679e+00
1.548656631790536142e+00,-1.250041473616837928e+00
1.873246813066256733e+00,-1.428845644980329066e+00
2.000361190954550672e+00,-1.545326282923973560e+00
1.734751516989313291e+00,-1.352756231755072314e+00
1.981245164662568170e+00,-1.515002315128390009e+00
2.280960760204516546e+00,-1.733727631930817470e+00
2.086224106752957219e+00,-1.577499342960908990e+00
1.356528387785600920e+00,-1.102305826835636271e+00
1.345849257013584488e+00,-1.118734530020924822e+00
1.200753750724396607e+00,-1.003230843303093867e+00
-1.911188088618697378e+00,1.477205197677875947e+00
2.403132734867994280e+00,-1.791107154185927142e+00
1.902461821986578761e+00,-1.465145498068531449e+00
2.572978064131489884e+00,-1.903827582512418903e+00
1.646098691402395398e+00,-1.304406926453816506e+00
2.087210033423195110e+00,-1.580514062018773869e+00
1.757343174190118429e+00,-1.362514349854547113e+00
2.511923046034351348e+00,-1.867234726932802458e+00
2.247595577870543870e+00,-1.691851170460760390e+00
1.862365607618351904e+00,-1.422016348464719693e+00
1.697421076764982883e+00,-1.301532537747315477e+00
9.255289010260862037e-01,-8.216168218862175410e-01
-2.558371731347879763e+00,1.908105383728514681e+00
2.272013867100930895e+00,-1.735277792140929920e+00
2.355803935282541950e+00,-1.763346463727066604e+00
2.186507282582960343e+00,-1.662363111116010428e+00
2.190349693449895163e+00,-1.656754630752493185e+00
-1.725426145783918619e+00,1.339769053826769030e+00
1.278024001830945666e+00,-1.070694906783692169e+00
2.217670285574461886e+00,-1.670116781337985357e+00
2.046713426764310562e+00,-1.539865628768751327e+00
2.651654574313678125e+00,-1.966068674140440731e+00
-2.099230809747601789e+00,1.591633032348489296e+00
2.230422183018896387e+00,-1.667667672433169823e+00
1.817699196168597542e+00,-1.351785388020704914e+00
1.733584928340526243e+00,-1.367160417087746938e+00
1.286921168876008270e+00,-1.059372976389457266e+00
2.432818827347035917e+00,-1.814299956438308881e+00
2.085196235024674660e+00,-1.577499342960908990e+00
8.057432332398418717e-01,-7.715007882889501900e-01
1.581759120696996757e+00,-1.219298163393380374e+00
1.250323222421835467e+00,-1.040430919055218117e+00
-2.570899137448868554e+00,1.894959314849345988e+00
2.401708231523675074e+00,-1.783812727123416542e+00
1.193740556127734775e+00,-9.891386977671645653e-01
1.260796619801535234e+00,-1.055177816225637777e+00
2.491607971371982977e+00,-1.863747514143894390e+00
1.037996472658163638e+00,-8.778488027374156122e-01
2.553963483219544806e+00,-1.898119226579668251e+00
2.058075052652317272e+00,-1.571049964150594391e+00
-1.712267779244158961e+00,1.339050051785693141e+00
-8.016264362867772109e-01,7.446609907527389494e-01
1.824275131427783636e+00,-1.452495766942363042e+00
1.698745608279562669e+00,-1.338447708857917418e+00
8.188511882242225370e-01,-7.746897411095320374e-01
1.721890882116112742e+00,-1.319889001796183958e+00
2.584031871357209909e+00,-1.918061484751008683e+00
1.137824491550682104e+00,-9.891386977671645653e-01
1.252260078660432763e+00,-1.053722436605542878e+00
2.645719488564966859e+00,-1.966068674140440731e+00
2.468575997666149213e+00,-1.838252114626174549e+00
8.492195336859716948e-01,-7.810623516027013213e-01
2.185605180667381298e+00,-1.661354254677158693e+00
1.210785458663164338e+00,-9.828675575890096772e-01
2.519316245326648662e+00,-1.883922075686349507e+00
1.894179366929469754e+00,-1.488956338783257172e+00
9.738455772847878222e-01,-8.808481331824425942e-01
1.691410301516523829e+00,-1.302476612120347710e+00
2.659708047226349681e+00,-1.968019064700173182e+00
1.010365881331149573e+00,-8.993028015877363446e-01
9.406647502368314928e-01,-8.596852352564250399e-01
1.740786386154668408e+00,-1.367160417087746938e+00
1.051393895228103892e+00,-9.170648372720457964e-01
2.528742591638436288e+00,-1.868827898512008812e+00
1.265254669569185086e+00,-1.053722436605542878e+00
2.443763600738886321e+00,-1.833833440070064658e+00
2.173250806700096405e+00,-1.637257529337559969e+00
2.008234512488431989e+00,-1.537049352723697027e+00
1.765662726208642619e+00,-1.366255092606391663e+00
1.545811943006959455e+00,-1.212099318287772620e+00
1.134079528563985972e+00,-9.880801543545403298e-01
1.632531546281772217e+00,-1.318807133207614557e+00
1.122217561038462152e+00,-9.607590959435015066e-01
2.177683344131963850e+00,-1.647117732894274322e+00
-1.688641282499482088e+00,1.338712035427935376e+00
2.488840721989866278e+00,-1.857252766887754092e+00
1.880800893807506036e+00,-1.461029062630069708e+00
2.323524627822654676e+00,-1.767759742362725817e+00
-1.808683458285798462e+00,1.410323630089916236e+00
2.483373112666132254e+00,-1.842184972068787285e+00
2.329242340560403246e+00,-1.742109919116194172e+00
1.515817552311987004e+00,-1.185419013217320794e+00
1.579698004441468351e+00,-1.259485650754923469e+00
2.140903793961478119e+00,-1.612198615996887074e+00
2.556341325570972600e+00,-1.883932083316825823e+00
2.428632300209669026e+00,-1.799484973267363674e+00
-2.299567019381557831e+00,1.709813850551990422e+00
-2.277748755423061766e+00,1.708845767827601003e+00
1.640027261816728643e+00,-1.296821125225920746e+00
2.582611279465376164e+00,-1.910653143718851421e+00
1.941911232696976741e+00,-1.484602477555785338e+00
2.570621018235371924e+00,-1.896243051964137116e+00
1.397475480406357606e+00,-1.127671238484325933e+00
2.624982206936191886e+00,-1.945163884946247146e+00
1.205114131561172419e+00,-9.880801543545403298e-01
1.046164184266614283e+00,-9.215335985858107426e-01
1.301501173306657266e+00,-1.057992695012927697e+00
1.144845834689680375e+00,-9.834189774686733498e-01
2.412819123743268346e+00,-1.803733932419198327e+00
1.675726582245968155e+00,-1.283613779989136505e+00
2.388192571143509912e+00,-1.789477326665983137e+00
1.933144659622351380e+00,-1.509065710639306612e+00
-1.433997857728397607e+00,1.141885808895976462e+00
7.048800527695054940e-01,-7.044633462916938260e-01
2.593336971259320833e+00,-1.923842647816244256e+00
1.831218033737581186e+00,-1.392652869157010365e+00
1.021271764441928243e+00,-9.211837514249814340e-01
1.412628579556526986e+00,-1.129848392375095711e+00
1.700563627008599532e+00,-1.296135038578801746e+00
2.500877491273566289e+00,-1.863851203045557847e+00
2.469528440116707468e+00,-1.839924727412191485e+00
-2.278487783170314085e+00,1.690597136334399897e+00
-2.269753053818575506e+00,1.720536350641317824e+00
2.603149562035503628e+00,-1.924515062747898630e+00
1.559817129545862713e+00,-1.240813924592830020e+00
2.513572259903454675e+00,-1.868673453503243875e+00
2.198485185994763391e+00,-1.637613505485016274e+00
1.483851540378031242e+00,-1.171956467653571421e+00
2.596941741987079499e+00,-1.922385217861514395e+00
2.474693621410021027e+00,-1.855757839871407189e+00
2.131170820498708540e+00,-1.620611257704011932e+00
1.298014367218959908e+00,-1.112919911997249267e+00
2.658537518351744122e+00,-1.966058388237284182e+00
2.398091661247907513e+00,-1.789036619306171971e+00
2.337066420473024042e+00,-1.750411829412044540e+00
2.026231164408413221e+00,-1.514387984952364485e+00
1.065003319548677885e+00,-9.074875898771455063e-01
1.578478504544899685e+00,-1.216010958756260862e+00
-1.846852328205722094e+00,1.432767999030510220e+00
1.127749791269461177e+00,-9.608661848811548278e-01
2.044871733451471663e+00,-1.539190496171532585e+00
2.448724653962416120e+00,-1.812603457334617918e+00
9.344490870236937807e-01,-8.567036160913793497e-01
1.232594360176626713e+00,-1.033925038053686851e+00
2.202858423522741305e+00,-1.674537514537143057e+00
2.130226189634915279e+00,-1.636579867240226749e+00
1.502832906865328333e+00,-1.193312618970158834e+00
1.156874977296370233e+00,-9.960272164709988996e-01
1.957520808938642887e+00,-1.484795720880452308e+00
2.621178784991056609e+00,-1.941107797250495315e+00
2.150825531054492590e+00,-1.606410465576873836e+00
1.834228717739334824e+00,-1.394757400664625058e+00
1.016768820629732284e+00,-9.033142577260525607e-01
2.406975442499582396e+00,-1.793611288071878862e+00
2.534406481316985094e+00,-1.888514395777678434e+00
2.367879550683662959e+00,-1.749748045223415316e+00
-2.195996813329793795e+00,1.660849996653390725e+00
1.721890882116112742e+00,-1.319889001796183958e+00
1.091339705707975005e+00,-9.295097396376799104e-01
8.943530125517400453e-01,-8.192109899284238939e-01
1.102824373811563952e+00,-9.348647855228980896e-01
1.364361249864604719e+00,-1.101009023791018837e+00
2.376421544288289667e+00,-1.778792491359611594e+00
1.973929024471380300e+00,-1.497006136986022140e+00
1.236986615897291308e+00,-1.033059697777281905e+00
2.524364794331042550e+00,-1.874179133505220918e+00
1.801628022055443701e+00,-1.408235027227126235e+00
2.273465113111516001e+00,-1.698766968795122567e+00
-1.846852328205722094e+00,1.432767999030510220e+00
2.609231519952205147e+00,-1.920165387325021067e+00
2.243495885867013317e+00,-1.665025705828785396e+00
1.786646992400784839e+00,-1.377034675548952869e+00
-2.349937736284813727e+00,1.768630460790370895e+00
1.552299410107150335e+00,-1.267612163675097880e+00
2.375319102367996482e+00,-1.800219988274121441e+00
2.643940495833660531e+00,-1.958214305733051663e+00
2.179294217611482676e+00,-1.642157916433685694e+00
2.524364794331042550e+00,-1.874179133505220918e+00
2.211879326613491070e+00,-1.659625750086074047e+00
2.521867272352380507e+00,-1.884060245486223417e+00
-7.979340938392589511e-01,7.534878460224547769e-01
1.276369041734987109e+00,-1.053397991563138847e+00
2.471090423091852895e+00,-1.836623304174393789e+00
1.508309595683584803e+00,-1.195594487029127739e+00
9.978804126430196320e-01,-8.839111028743328324e-01
9.602864979518597188e-01,-8.516879493324729378e-01
9.269306271779556017e-01,-8.557073602108513644e-01
2.509502243999774507e+00,-1.857252766887754092e+00
-2.646787223053165050e+00,1.956614212159482058e+00
1.493204890943696572e+00,-1.198715935294041302e+00
2.610644469258830647e+00,-1.933816969898766169e+00
1.939355870379889657e+00,-1.486821593782532647e+00
2.034081035861435627e+00,-1.540815255323797928e+00
1.435545246202285519e+00,-1.159447290561060662e+00
2.525971346046834043e+00,-1.880963388374919942e+00
1.804110691744666539e+00,-1.403858458737987425e+00
-1.948187404881749574e+00,1.482226027148514369e+00
2.150433748952295776e+00,-1.628767602543818027e+00
9.808872070592222769e-01,-8.734890032071069843e-01
2.621178784991056609e+00,-1.941107797250495315e+00
1.908047096841325230e+00,-1.457116477436426472e+00
-2.066308657014868100e+00,1.602039483753871174e+00
1.463319092244078856e+00,-1.151601205263526495e+00
2.242171412431289035e+00,-1.693722954546350579e+00
1.760028555820984275e+00,-1.367330450192990154e+00
2.101938473557102061e+00,-1.570799711148085365e+00
2.497320017774765422e+00,-1.865273150612210440e+00
1.456847110461066297e+00,-1.212099318287772620e+00
-2.296890297532065528e+00,1.723896965052862607e+00
2.235688269700787600e+00,-1.659383511652694931e+00
-1.423989835039980667e+00,1.151042431607834260e+00
1.042468191965517432e+00,-9.211927494717391252e-01
-1.775428829901798400e+00,1.410323630089916236e+00
8.510054178736470298e-01,-7.931086649283962675e-01
2.529501625418918209e+00,-1.891996205002081988e+00
9.643365468667987050e-01,-8.603622544865778821e-01
2.138926849054716861e+00,-1.624047232020073173e+00
9.738455772847878222e-01,-8.808481331824425942e-01
1.862365607618351904e+00,-1.422016348464719693e+00
2.511923046034351348e+00,-1.867234726932802458e+00
1.930799920419506099e+00,-1.482428778368964695e+00
2.051586098117227142e+00,-1.547829214519217844e+00
-8.441569942211236688e-01,7.858270270982251615e-01
1.868675708097090604e+00,-1.438691541601099466e+00
2.502840193275505332e+00,-1.865201086331388147e+00
1.916747652310561545e+00,-1.472924850953911236e+00
2.081156434165700730e+00,-1.571051515294713763e+00
1.212760824817343375e+00,-9.967829727844005339e-01
1.498507777783006256e+00,-1.127816111202531557e+00
1.918323785756071320e+00,-1.497662529183496183e+00
2.254825721488053603e+00,-1.722861299608478225e+00
1.934711371911136180e+00,-1.485473985719594214e+00
1.330335202798591521e+00,-1.088516455313152331e+00
2.306163467831667369e+00,-1.741881348719259481e+00
1.924899430966024783e+00,-1.484795720880452308e+00
1.991962078123910684e+00,-1.529271080205271360e+00
1.340968225573035522e+00,-1.120412244316390193e+00
1.570602236665224138e+00,-1.242423240264652895e+00
2.382928021644242556e+00,-1.803733932419198327e+00
1.095192098410069148e+00,-9.330381776174857533e-01
1.895830105205491112e+00,-1.430645406248579610e+00
2.163070339403053044e+00,-1.618006102710390692e+00
1.163351765967318929e+00,-9.557803034196490355e-01
1.736112986261142632e+00,-1.338770773171800377e+00
-1.731519031571369105e+00,1.325837230840116510e+00
2.566458481775705014e+00,-1.910653143718851421e+00
2.256467690520319813e+00,-1.717798937525281566e+00
8.127215531560287864e-01,-7.677543255624731389e-01
2.416388047798220029e+00,-1.800146971719176259e+00
1.384181825786132691e+00,-1.112838323708712052e+00
1.221457818492217795e+00,-1.052474773834042532e+00
2.664657876368662137e+00,-1.969205399285581137e+00
1.716905505355816430e+00,-1.365769706442150344e+00
1.129661567535098499e+00,-9.620058512927018857e-01
-2.550127960864436272e+00,1.894330599260273917e+00
2.326218670107820241e+00,-1.720642413062516862e+00
1.602748439171708172e+00,-1.256641175162928503e+00
1.065007150355024024e+00,-9.074875898771455063e-01
-2.612882661728113121e+00,1.943247515158361693e+00
9.854532418658492610e-01,-8.630026244535750068e-01
2.049249213666416658e+00,-1.555882525456559140e+00
2.190349693449895163e+00,-1.656754630752493185e+00
2.176531318170839224e+00,-1.620611257704011932e+00
2.335995568386024956e+00,-1.763839551246382475e+00
2.250044097509702468e+00,-1.655778492396152046e+00
1.790205073129815583e+00,-1.368521918420218419e+00
-7.683504642239775695e-01,7.410340128631757173e-01
7.936430101686194893e-01,-7.546385178013579331e-01
1.801654600751243729e+00,-1.407633925674059538e+00
1.785340763158742572e+00,-1.405664695724897495e+00
2.065473292555517038e+00,-1.613439403323311927e+00
2.215149230237682954e+00,-1.657524838170862713e+00
1.243092723944671629e+00,-1.039415310685678051e+00
-1.332363920042618499e+00,1.097518628829533993e+00
2.631122371099164248e+00,-1.942755842342627437e+00
9.775623261560285604e-01,-8.755128792464191845e-01
1.656997102704775182e+00,-1.291232929498833615e+00
2.360537126080295867e+00,-1.767222143422907399e+00
1.115516178000433012e+00,-9.700355230980283183e-01
2.276396558691080152e+00,-1.708239008207556475e+00
2.233652165646753840e+00,-1.686786227472866218e+00
2.603149562035503628e+00,-1.924515062747898630e+00
1.967832151733242219e+00,-1.504472093182352310e+00
2.437833666452238646e+00,-1.826144904448616213e+00
-8.710494318641459621e-01,8.044802455124874241e-01
-1.688641282499482088e+00,1.338712035427935376e+00
1.174297215528533167e+00,-1.000687970306408436e+00
1.865700989063003856e+00,-1.421292088803420839e+00
2.054116976558116647e+00,-1.551633704054331986e+00
2.390943756142027254e+00,-1.812410268827000071e+00
2.415621302101500056e+00,-1.802585942196104574e+00
1.787855032443870007e+00,-1.368521918420218419e+00
1.939355870379889657e+00,-1.486821593782532647e+00
-1.989477919622303359e+00,1.511103536888077192e+00
1.969437494282520573e+00,-1.514387984952364485e+00
2.565923075248552454e+00,-1.910596494238972598e+00
1.635504705914644585e+00,-1.276044129365320634e+00
7.521719469816415815e-01,-7.349195578594005518e-01
2.537105490880864345e+00,-1.888514395777678434e+00
7.890752480997854645e-01,-7.657264133571143327e-01
2.233422295869451624e+00,-1.671993313833733508e+00
2.042238734676150802e+00,-1.561111834201869719e+00
2.333119814309278617e+00,-1.760034173645551592e+00
7.512489015139417470e-01,-7.349195578594005518e-01
2.455683919817258420e+00,-1.820987789126996548e+00
2.568969336735150044e+00,-1.910786344145601001e+00
8.127215531560287864e-01,-7.677543255624731389e-01
1.584083703497496387e+00,-1.265856886553929694e+00
1.326510561205025640e+00,-1.112451332493283207e+00
2.265997695463446426e+00,-1.699793870529503259e+00
2.094330170544141723e+00,-1.612198615996887074e+00
1.793788383144267806e+00,-1.383424261636440278e+00
1.903452019071721901e+00,-1.484522352600168071e+00
1.921573316289139077e+00,-1.475483331103490725e+00
2.004799229899950408e+00,-1.551530480699680803e+00
1.239536759196507409e+00,-1.027972291295948803e+00
1.987592715190210635e+00,-1.514655965368678858e+00
1.510297644194643629e+00,-1.209494330523598560e+00
1.737150745057223222e+00,-1.307035793953964076e+00
2.351916452515209865e+00,-1.759259939216624380e+00
1.541509562270296785e+00,-1.257409679786562817e+00
1.034345865328596847e+00,-9.211837514249814340e-01
2.515875003115491282e+00,-1.860088899728425949e+00
2.405914274409679976e+00,-1.802585942196104574e+00
1.830168106469509448e+00,-1.392652869157010365e+00
2.324482199499038337e+00,-1.737627385430187132e+00
1.313112580333893220e+00,-1.089181760623339823e+00
1.568629870927202852e+00,-1.262802114725684044e+00
7.791836303600457869e-01,-7.509394081917954988e-01
2.153443067119463539e+00,-1.632765764669494857e+00
-7.664397860619170944e-01,7.446609907527389494e-01
2.161451245839463020e+00,-1.629807763773419405e+00
2.225310725624469299e+00,-1.638713036946742863e+00
2.396375681408761338e+00,-1.810521229096128781e+00
2.500536069262654593e+00,-1.874019878305833275e+00
1.627483613807514162e+00,-1.289293162106016855e+00
1.562985296423645032e+00,-1.243963117413233510e+00
7.744532460112902861e-01,-7.546385178013579331e-01
2.496741940043830432e+00,-1.857252766887754092e+00
2.535358878828687601e+00,-1.883932083316825823e+00
2.588588161465754656e+00,-1.927700906603406539e+00
2.472686100216407112e+00,-1.833833440070064658e+00
9.563695585486771122e-01,-8.750113706244981859e-01
1.693316410666206639e+00,-1.347098804557990137e+00
2.068609107576235839e+00,-1.570799711148085365e+00
2.354737714421128558e+00,-1.778822675619144977e+00
1.945868298416913778e+00,-1.489719353861715945e+00
2.432152512278467071e+00,-1.793611288071878862e+00
8.386342202733502171e-01,-7.849457887626927199e-01
-1.707202229843816088e+00,1.336898376402374744e+00
1.460769210992164391e+00,-1.175407218718734992e+00
1.559064538910674091e+00,-1.236317855951705624e+00
7.614722276353029784e-01,-7.528216524052009362e-01
2.304830306685415220e+00,-1.738736593960349408e+00
1.364361249864604719e+00,-1.101009023791018837e+00
2.187675762102002874e+00,-1.652561321722536780e+00
1.798513248880013737e+00,-1.396143002550289447e+00
2.146013123397106703e+00,-1.623144994878532366e+00
2.181926724499483772e+00,-1.654288485427767075e+00
2.455683919817258420e+00,-1.820987789126996548e+00
-2.082569109733569235e+00,1.566681445947201379e+00
9.506881426661428769e-01,-8.579722533044515931e-01
2.292849625958299775e+00,-1.733727631930817470e+00
1.924899430966024783e+00,-1.484795720880452308e+00
-1.870822139886231916e+00,1.447461060861793047e+00
1.788761380267665846e+00,-1.402083742657107779e+00
1.494521886187387683e+00,-1.199349220629027712e+00
2.435976849305297343e+00,-1.791107154185927142e+00
2.440975180965927915e+00,-1.821427785775479258e+00
8.696254141836229357e-01,-8.001690817784006260e-01
2.207070247947964692e+00,-1.662559887385272273e+00
2.313992144706305432e+00,-1.718805506282335083e+00
2.259920310338946248e+00,-1.707154355757294573e+00
2.091946935351071346e+00,-1.612198615996887074e+00
2.404655145210206513e+00,-1.784041319550655702e+00
2.115197863172967541e+00,-1.611979580513788424e+00
2.331287127391306946e+00,-1.740909902884042681e+00
1.805728902344419184e+00,-1.400558024777341926e+00
2.020636147811782912e+00,-1.509545856532246377e+00
1.430589604375043900e+00,-1.155484478045252228e+00
1.501283775302328038e+00,-1.236767153475116343e+00
2.032257365834897911e+00,-1.555882525456559140e+00
2.591234500796135709e+00,-1.929491824537079125e+00
2.607942876359211848e+00,-1.926195399053824087e+00
1.167137292144490912e+00,-1.022906328858610436e+00
1.485677381789004770e+00,-1.182441965207637447e+00
2.265180050938814471e+00,-1.702116045699796354e+00
2.538786026519757932e+00,-1.883409227612387715e+00
2.657949186370855088e+00,-1.969273565598628206e+00
-1.060756582446925833e+00,9.219625036025064224e-01
2.605634397789831525e+00,-1.923285386065330949e+00
1.439712145810109423e+00,-1.129227535508253277e+00
1.416983526881627986e+00,-1.179701013586568648e+00
1.082972384480767047e+00,-9.383385416621092823e-01
7.730753802979070111e-01,-7.414498831674954937e-01
8.788608620929745374e-01,-7.916472155404284949e-01
2.181057678620608176e+00,-1.638346657666769790e+00
2.544622127066650918e+00,-1.883922075686349507e+00
1.838472584092186723e+00,-1.407846321891726316e+00
1.228699760067987201e+00,-1.026529391468251395e+00
2.070636033385963692e+00,-1.570799711148085365e+00
-1.619066461804367085e+00,1.273766166675695199e+00
2.302466965849294667e+00,-1.725930677770390220e+00
1.927053063337693883e+00,-1.461396255344614703e+00
7.455506183713865864e-01,-7.343633467088857003e-01
-1.852336622662101862e+00,1.434287783836045715e+00
1.012889150413009531e+00,-8.833326881449728996e-01
2.083517749103998007e+00,-1.560641356383481115e+00
1.977270878893779837e+00,-1.500120812975446860e+00
2.220869459938214163e+00,-1.660173802653021502e+00
1.972158952881981175e+00,-1.492277008118003900e+00
1.589635072978569541e+00,-1.258348562051770037e+00
1.805728902344419184e+00,-1.400558024777341926e+00
1.776836732568965793e+00,-1.352594192421129549e+00
1.625982018796710449e+00,-1.269844634646194903e+00
1.376775765964630693e+00,-1.099486422030743871e+00
7.048800527695054940e-01,-7.044633462916938260e-01
1.322753095330014173e+00,-1.100932639373771948e+00
-2.279811976694515518e+00,1.720536350641317824e+00
2.480090735495186216e+00,-1.867651611540362744e+00
1.273452070108678891e+00,-1.042450912393875440e+00
9.083731763190645569e-01,-8.638288873147433877e-01
2.447773339263240810e+00,-1.820987789126996548e+00
1.445349930722395371e+00,-1.161644711635469784e+00
2.545177853353241204e+00,-1.883922075686349507e+00
1.899305817171446309e+00,-1.483291521888457698e+00
8.841961812023890754e-01,-8.112839256227160067e-01
1.085827513656654419e+00,-9.212337540692053794e-01
2.502235969791569481e+00,-1.874702303759099520e+00
1.891717250620848167e+00,-1.484522352600168071e+00
1.670546818122746524e+00,-1.308070125743769907e+00
2.463485019754876326e+00,-1.819775608690453073e+00
2.158525575687751275e+00,-1.623350004019746828e+00
1.752420877758848139e+00,-1.335333951774064998e+00
1.962025853054746527e+00,-1.489719353861715945e+00
2.616557518288106898e+00,-1.949059070767346746e+00
1.354048490064768240e+00,-1.122361506429583100e+00
2.193072181676546162e+00,-1.655235831408520930e+00
1.152419180243001273e+00,-9.745235326885119953e-01
1.763616000875341872e+00,-1.384295132496796699e+00
2.051586098117227142e+00,-1.547829214519217844e+00
2.063375004692101999e+00,-1.571049964150594391e+00
1.268668510928850468e+00,-1.052474773834042532e+00
1.953442784821622480e+00,-1.482147558768420970e+00
1.659989837479793451e+00,-1.295076561385272385e+00
1.751076970201181471e+00,-1.390924728901512752e+00
1.171704763953058892e+00,-1.009958264768856084e+00
2.214178289744601180e+00,-1.661016127265730669e+00
2.551917373571302328e+00,-1.896020644749142114e+00
2.666594517108141993e+00,-1.972988178438898066e+00
2.105929153246127949e+00,-1.582407238656835968e+00
2.001228332119138642e+00,-1.535851827623863963e+00
2.366178488469449448e+00,-1.764517473699728889e+00
2.438275020387428604e+00,-1.824906878847333935e+00
2.594747346795411413e+00,-1.922415005428790291e+00
1.605066144332042422e+00,-1.263266969986410748e+00
2.227571837440389224e+00,-1.682854405076717574e+00
1.468413554706910151e+00,-1.176398339031490936e+00
2.172166382535343665e+00,-1.640071101908212148e+00
1.097659678119230486e+00,-9.405931328932590763e-01
2.522509400945801339e+00,-1.884060245486223417e+00
2.262309323549111628e+00,-1.698766968795122567e+00
-2.183025797341526797e+00,1.640325343319166462e+00
1.677931818088406635e+00,-1.278313035989376845e+00
1.921573316289139077e+00,-1.475483331103490725e+00
2.596131547791289407e+00,-1.925511904298014665e+00
-2.434849653786741008e+00,1.826867507244188449e+00
-9.954773079381573631e-01,8.700966195442952911e-01
-7.144430461559807544e-01,7.122451538065499577e-01
2.129245123228455494e+00,-1.616891126979928428e+00
1.574997381007496866e+00,-1.248344294290370415e+00
2.532440889883534663e+00,-1.903945157078523964e+00
2.599266130604158676e+00,-1.926671810523123751e+00
2.003120995328002696e+00,-1.535851827623863963e+00
2.113509107843772661e+00,-1.577732507807887430e+00
1.283609464769431607e+00,-1.025700300882252947e+00
-2.669345883060378011e+00,1.977010433312493598e+00
1.019391929885334003e+00,-9.215335985858107426e-01
1.378558995977182011e+00,-1.126862144089575635e+00
2.123208036852798131e+00,-1.611471444262021269e+00
8.551203814899144273e-01,-7.931086649283962675e-01
2.629394283620678507e+00,-1.942755842342627437e+00
2.363201028163869566e+00,-1.768094036132801916e+00
2.568969336735150044e+00,-1.910786344145601001e+00
8.753166831281085081e-01,-8.011544394135523550e-01
2.108438914297402711e+00,-1.571049964150594391e+00
1.214184388707768125e+00,-1.017230529903831782e+00
2.169366847549144328e+00,-1.628954950347465624e+00
2.543334216753325272e+00,-1.907593583661966852e+00
1.112328473485745928e+00,-9.655496422388583078e-01
1.661039895687383083e+00,-1.292175636927287208e+00
2.476845552198301714e+00,-1.861392843706817679e+00
2.530599307144029808e+00,-1.883922075686349507e+00
2.601331936506606102e+00,-1.926195399053824087e+00
1.719908098520811501e+00,-1.319219557468312098e+00
1.368183831083184199e+00,-1.082501312629490675e+00
1.746965872819511656e+00,-1.362866685447167603e+00
2.426729454116936413e+00,-1.812442382219328074e+00
8.460457731535339088e-01,-7.834303733161148697e-01
1.828199829846932412e+00,-1.399735643705458221e+00
-2.320965179093213315e+00,1.744142418390215887e+00
1.836132103314193298e+00,-1.387161482877222962e+00
2.060446818433888883e+00,-1.569381837806630875e+00
1.664112445769128978e+00,-1.307817337019404391e+00
2.316264017085769122e+00,-1.742203098613376078e+00
1.593247601324371931e+00,-1.216484907942826155e+00
-1.919774068148008217e+00,1.445899434874178269e+00
1.886716560956929412e+00,-1.451269391332024483e+00
1.516357663402433387e+00,-1.195594487029127739e+00
-1.338535813929896623e+00,1.094256052436220150e+00
2.527869833232541108e+00,-1.859529779783542391e+00
1.859107209174296615e+00,-1.389465310704536716e+00
2.101938473557102061e+00,-1.570799711148085365e+00
-9.049211041100885256e-01,8.044802455124874241e-01
2.036103589537535008e+00,-1.540621887493312636e+00
1.565133095397901020e+00,-1.265608995646817725e+00
1.998235914579661099e+00,-1.485473985719594214e+00
1.294080642468665499e+00,-1.102650563982227716e+00
1.421980148181423154e+00,-1.180936049487796735e+00
2.016674565857030643e+00,-1.550020502685609536e+00
1.703355943298039854e+00,-1.336554080859994498e+00
2.525971346046834043e+00,-1.880963388374919942e+00
1.937280574705701142e+00,-1.475357230887340831e+00
2.081156434165700730e+00,-1.571051515294713763e+00
1.543992721515176969e+00,-1.227621192810842476e+00
1.654389704728209232e+00,-1.304406926453816506e+00
2.095376734180303568e+00,-1.588855103182621908e+00
1.436838061784112996e+00,-1.159447290561060662e+00
1.389064419675778650e+00,-1.121083190200393931e+00
2.482051899892637081e+00,-1.857252766887754092e+00
2.298008716771945181e+00,-1.728298401014848329e+00
1.267246990093577441e+00,-1.067870635294864368e+00
-2.339532933817705995e+00,1.740762513143345291e+00
1.409324599480533680e+00,-1.118265471981417569e+00
2.654580264012661228e+00,-1.966068674140440731e+00
-2.518852699817681895e+00,1.859330471308310972e+00
2.541782913578919612e+00,-1.883932083316825823e+00
1.279958826856815390e+00,-1.053397991563138847e+00
1.306768288154413593e+00,-1.057992695012927697e+00
2.123208036852798131e+00,-1.611471444262021269e+00
2.425266811275720968e+00,-1.788926250641741600e+00
2.111779432886112140e+00,-1.617947599192318009e+00
1.973929024471380300e+00,-1.497006136986022140e+00
1.589635072978569541e+00,-1.258348562051770037e+00
2.267321092488638001e+00,-1.726416556017756676e+00
1.729480254957172169e+00,-1.367200477065797282e+00
2.462150273463103556e+00,-1.826710268286262595e+00
1.472574745105485805e+00,-1.210987172248239041e+00
-2.452963349339333465e+00,1.818302137256609718e+00
1.263809648630589200e+00,-1.053189110796377559e+00
-2.269753053818575506e+00,1.720536350641317824e+00
-7.110993889402121848e-01,7.123525897302033227e-01
2.618292482324384274e+00,-1.926671810523123751e+00
1.052577330798820210e+00,-9.073483167166915830e-01
1.119068262551436321e+00,-9.640903579296055126e-01
2.666449722382242538e+00,-1.972988178438898066e+00
1.392699595243104271e+00,-1.125902906244349300e+00
2.133416019676679820e+00,-1.620611257704011932e+00
1.577150746212203636e+00,-1.249352062383471296e+00
2.387105696098438035e+00,-1.804122637413287267e+00
1.333246054490930810e+00,-1.127671238484325933e+00
8.259824561767711293e-01,-7.798950887841277213e-01
1.596973385460171535e+00,-1.266201034450469942e+00
-2.417473989993335515e+00,1.809640142566843135e+00
2.262309323549111628e+00,-1.698766968795122567e+00
1.031220670172785070e+00,-8.778488027374156122e-01
2.311612321175534834e+00,-1.724361996248906292e+00
1.525619176385292652e+00,-1.227031209139190615e+00
2.351916452515209865e+00,-1.759259939216624380e+00
1.674728213306611924e+00,-1.307035793953964076e+00
-2.286736322926963272e+00,1.720536350641317824e+00
1.078680652316848398e+00,-9.448261623094176276e-01
-2.559849388529554570e+00,1.902174622682663463e+00
2.533390050485665679e+00,-1.863747514143894390e+00
1.815890318074794729e+00,-1.388162060507232010e+00
1.396071565046403062e+00,-1.127671238484325933e+00
1.521922565285630746e+00,-1.211833226503266081e+00
2.419990529991815631e+00,-1.798857213248717724e+00
2.397745753653820255e+00,-1.807242065707384882e+00
1.470932531591910841e+00,-1.176398339031490936e+00
2.588222072060481160e+00,-1.918061484751008683e+00
1.347784854982799763e+00,-1.116479265288941480e+00
2.499167230459058420e+00,-1.849155048932364709e+00
-1.885175288927087411e+00,1.447461060861793047e+00
-2.334437560038712611e+00,1.744142418390215887e+00
2.036103589537535008e+00,-1.540621887493312636e+00
7.630143955882227047e-01,-7.490000973754585845e-01
2.077731268318729008e+00,-1.564126946780377336e+00
1.254024338661597682e+00,-1.004099881010446449e+00
1.662261781061956434e+00,-1.321649807963732881e+00
2.316264017085769122e+00,-1.742203098613376078e+00
1.534772600439355150e+00,-1.239824075854935925e+00
2.495060294944302370e+00,-1.862414622005024833e+00
1.743479584443374586e+00,-1.396797487572918328e+00
1.708970646735139320e+00,-1.300999211938150157e+00
2.486957460323490743e+00,-1.849262278165562101e+00
1.557140381586415323e+00,-1.221835045250743157e+00
-1.405781358691205130e+00,1.141885808895976462e+00
2.126169721211421670e+00,-1.598840206376930251e+00
2.341949901734160733e+00,-1.759935747031432962e+00
-2.386304598464558779e+00,1.777952362058498492e+00
1.297897864537037815e+00,-1.112451332493283207e+00
2.029588712854464738e+00,-1.554107521160117633e+00
2.229202615739822146e+00,-1.666339109831613152e+00
2.010233995651254713e+00,-1.534784239268672135e+00
1.840691461275428820e+00,-1.420771147122311673e+00
1.042468191965517432e+00,-9.211927494717391252e-01
2.239582281429665311e+00,-1.696316078997271992e+00
2.661433387693748820e+00,-1.969919855676743881e+00
9.317599169450485608e-01,-8.567036160913793497e-01
-2.364543110103026091e+00,1.784318645136191206e+00
1.960178940747975496e+00,-1.511901843479978469e+00
2.009599660100055640e+00,-1.522696206919228690e+00
2.166699994614528446e+00,-1.610149437477854661e+00
1.402801797604829925e+00,-1.155603572231262532e+00
1.996708710493359629e+00,-1.549838234594477671e+00
2.026231164408413221e+00,-1.514387984952364485e+00
2.480090735495186216e+00,-1.867651611540362744e+00
2.282837123715339089e+00,-1.719530286528619056e+00
1.796339126590706048e+00,-1.388008910429517684e+00
1.534772600439355150e+00,-1.239824075854935925e+00
2.332752484766138501e+00,-1.756401600423158182e+00
2.331287127391306946e+00,-1.740909902884042681e+00
1.957520808938642887e+00,-1.484795720880452308e+00
2.597647657586121372e+00,-1.922415005428790291e+00
1.413521288016450494e+00,-1.168709121212563096e+00
1.489416669146262251e+00,-1.191637010414036135e+00
-2.478639193913066752e+00,1.839109484796285443e+00
1.093565651785176174e+00,-9.608661848811548278e-01
1.512751830427114363e+00,-1.197477278486798191e+00
2.038171973336307286e+00,-1.535241185918043483e+00
9.900130164495799523e-01,-8.570133679971292384e-01
2.019091521719560856e+00,-1.544328267911610597e+00
2.191571177698636408e+00,-1.657367030977688449e+00
1.519122477711600583e+00,-1.219298163393380374e+00
2.577344898286442643e+00,-1.913604543616252096e+00
1.985236491615921528e+00,-1.516396690377473933e+00
2.401148156720215532e+00,-1.763685588760466105e+00
1.600984710063396932e+00,-1.261992262045503965e+00
2.540661878067170587e+00,-1.876892097924020231e+00
2.475750355098196742e+00,-1.861143225765464759e+00
1.381561401286404145e+00,-1.125902906244349300e+00
-2.635227655941853264e+00,1.953371495151699166e+00
1.860194036106601390e+00,-1.428845644980329066e+00
2.341374044111538488e+00,-1.713914907602012372e+00
1.539601285723963375e+00,-1.252197170127992365e+00
1.415913886213140849e+00,-1.168709121212563096e+00
-2.253355981181801138e+00,1.697031838805779458e+00
1.318672069025848437e+00,-1.093751193114677944e+00
2.091946935351071346e+00,-1.612198615996887074e+00
2.121200793210473279e+00,-1.605805211013647815e+00
1.387422040089461017e+00,-1.119226798259892242e+00
2.021710287501181202e+00,-1.539865628768751327e+00
2.580359931299077036e+00,-1.910653143718851421e+00
1.981245164662568170e+00,-1.515002315128390009e+00
1.571704882908820267e+00,-1.230578232094360569e+00
-2.478639193913066752e+00,1.839109484796285443e+00
1.819733279749334631e+00,-1.388162060507232010e+00
2.353665166671900622e+00,-1.771956467761599097e+00
2.006435242314171585e+00,-1.522696206919228690e+00
2.204348756982077440e+00,-1.656574822744269815e+00
-2.637343466624634925e+00,1.956614212159482058e+00
1.122217561038462152e+00,-9.607590959435015066e-01
2.656404191476943843e+00,-1.966058388237284182e+00
2.638788624441180009e+00,-1.964492980245932996e+00
1.527587334140395825e+00,-1.160488802789219287e+00
1.024047168600093372e+00,-9.242877856872024900e-01
2.639757437060846534e+00,-1.964492980245932996e+00
1.739493259148378934e+00,-1.383121436293080375e+00
8.864428721140998890e-01,-8.001690817784006260e-01
1.994750848985461067e+00,-1.498601776059040436e+00
1.790205073129815583e+00,-1.368521918420218419e+00
-1.405781358691205130e+00,1.141885808895976462e+00
1.374471064631357820e+00,-1.120793793223032520e+00
1.224139716275071788e+00,-1.022544261693744572e+00
1.770676936086777564e+00,-1.372691406552778659e+00
2.390943756142027254e+00,-1.812410268827000071e+00
2.328053748027496983e+00,-1.742109919116194172e+00
-1.614752879444042666e+00,1.276590224925853168e+00
8.319431901623538517e-01,-7.661979233090595587e-01
-1.148897074706931143e+00,9.563915436285980176e-01
2.012286908909934446e+00,-1.485473985719594214e+00
2.662269495422088017e+00,-1.970543091578274897e+00
1.402195849886055168e+00,-1.125794231969660553e+00
2.107346683465729953e+00,-1.599395415027899503e+00
2.584031871357209909e+00,-1.918061484751008683e+00
1.200753750724396607e+00,-1.003230843303093867e+00
1.551312048336336957e+00,-1.247374922895931659e+00
2.452753952478164745e+00,-1.840869038635815302e+00
2.193072181676546162e+00,-1.655235831408520930e+00
-2.349937736284813727e+00,1.768630460790370895e+00
-1.767160945689842055e+00,1.392987399487078726e+00
2.129245123228455494e+00,-1.616891126979928428e+00
1.247133091628673585e+00,-1.055851532364487921e+00
1.336861923004966313e+00,-1.117919497881042501e+00
2.308159456723651637e+00,-1.728298401014848329e+00
-2.669881361218002791e+00,1.977010433312493598e+00
2.363201028163869566e+00,-1.768094036132801916e+00
2.488840721989866278e+00,-1.857252766887754092e+00
1.967832151733242219e+00,-1.504472093182352310e+00
1.812511996982319573e+00,-1.392731890038502618e+00
2.055617661367838078e+00,-1.570322070813833237e+00
2.649075478481986323e+00,-1.961116480002657925e+00
-7.302301388631072809e-01,7.122451538065499577e-01
2.393391386927461451e+00,-1.773020982434694748e+00
1.255563758648923667e+00,-1.025917222074052892e+00
2.581329584371235164e+00,-1.917557181623609441e+00
1.823470183836793268e+00,-1.407295326765662713e+00
2.073795264900322621e+00,-1.563064987614262602e+00
1.188780626554091890e+00,-9.838328573920932518e-01
1.217582117901560901e+00,-1.017230529903831782e+00
-2.669881361218002791e+00,1.977010433312493598e+00
1.271402710154609483e+00,-1.053392710774786689e+00
-2.548616926546444450e+00,1.894330599260273917e+00
1.777671129528715310e+00,-1.383121436293080375e+00
1.260796619801535234e+00,-1.055177816225637777e+00
2.322281942437792068e+00,-1.737627385430187132e+00
-1.877164835297164602e+00,1.434287783836045715e+00
9.018618226835617424e-01,-8.284988521811623707e-01
1.184871021723669982e+00,-1.011336419331315017e+00
2.472686100216407112e+00,-1.833833440070064658e+00
-1.619066461804367085e+00,1.273766166675695199e+00
2.148872166093819924e+00,-1.623728558741273975e+00
2.231481232378250024e+00,-1.692057879774675477e+00
2.136065689335969076e+00,-1.620611257704011932e+00
2.347114997789681912e+00,-1.741209995583606673e+00
1.606299087395522296e+00,-1.249352062383471296e+00
1.529891292866835562e+00,-1.188528024743936706e+00
2.133416019676679820e+00,-1.620611257704011932e+00
1.686609660281901180e+00,-1.313933733644485180e+00
1.644084178170909682e+00,-1.277278653402134534e+00
2.018466922994910817e+00,-1.540159495859783290e+00
2.575659867398681691e+00,-1.899720422063346126e+00
2.624982206936191886e+00,-1.945163884946247146e+00
2.318144358012356854e+00,-1.722364544365079686e+00
2.446281402272017402e+00,-1.830159689853425586e+00
1.770676936086777564e+00,-1.372691406552778659e+00
2.633023988317989339e+00,-1.943249106294863360e+00
7.827354798592496277e-01,-7.594879625716743909e-01
2.445968412034121631e+00,-1.813069680728599531e+00
1.962025853054746527e+00,-1.489719353861715945e+00
2.205355713586443223e+00,-1.662169744923266634e+00
2.491458854898045860e+00,-1.863851203045557847e+00
1.906872588336797181e+00,-1.464116524067086811e+00
9.427525181556578593e-01,-8.567036160913793497e-01
9.903342353003862231e-01,-9.147764687416762852e-01
-1.743733761144254713e+00,1.403647225879521843e+00
1.873246813066256733e+00,-1.428845644980329066e+00
1.748294001248459795e+00,-1.373946356769233157e+00
1.622021989935644948e+00,-1.261992262045503965e+00
-2.339532933817705995e+00,1.740762513143345291e+00
1.156874977296370233e+00,-9.960272164709988996e-01
1.616896206883317477e+00,-1.250997578647164099e+00
1.798513248880013737e+00,-1.396143002550289447e+00
2.577966260006839594e+00,-1.914508056949702164e+00
1.372712417822964159e+00,-1.101009023791018837e+00
2.429834332024949362e+00,-1.810312956061226997e+00
2.486170055816379065e+00,-1.851373260874359383e+00
2.458258201142690336e+00,-1.836233232196507581e+00
1.630472766994068623e+00,-1.279284050269241746e+00
1.943152095440175753e+00,-1.488473873054819929e+00
2.482051899892637081e+00,-1.857252766887754092e+00
1.857849870556683491e+00,-1.428845644980329066e+00
9.817827783243597839e-01,-8.767477232057477865e-01
2.291324498242647500e+00,-1.719036496469867226e+00
1.481509583891244208e+00,-1.208161210876882219e+00
8.987203244899678589e-01,-8.188597924530793826e-01
2.547148504933077540e+00,-1.896684334843329101e+00
1.505321107332074027e+00,-1.219298163393380374e+00
2.240939213074857328e+00,-1.646863595162536997e+00
2.493871218930199696e+00,-1.863747514143894390e+00
-2.642676827333617862e+00,1.953371495151699166e+00
-2.623546210937964140e+00,1.943247515158361693e+00
2.118558966124353127e+00,-1.610149437477854661e+00
1.182192914434671449e+00,-9.891386977671645653e-01
2.111194842075446054e+00,-1.617791935807412873e+00
1.651177294003632445e+00,-1.295076561385272385e+00
2.564716254473489609e+00,-1.913604543616252096e+00
1.496417025366534981e+00,-1.197477278486798191e+00
2.168282101941743978e+00,-1.641738423794045554e+00
2.016311364808634821e+00,-1.544309150067998848e+00
2.160071190308551436e+00,-1.612600794576021013e+00
8.386342202733502171e-01,-7.849457887626927199e-01
-9.474318502420511212e-01,8.631148558107393232e-01
2.517807464235669812e+00,-1.867791662402994657e+00
2.505698134190200044e+00,-1.842349712877449308e+00
2.144395744680871019e+00,-1.633173539113090156e+00
1.913906829755415373e+00,-1.484795720880452308e+00
-2.389666269659415754e+00,1.768630460790370895e+00
2.054116976558116647e+00,-1.551633704054331986e+00
1.780926874152420680e+00,-1.377034675548952869e+00
1.900587688137174158e+00,-1.460883602876489551e+00
2.343899884970616299e+00,-1.756689703106892875e+00
-8.644540917451624118e-01,7.879497587152713978e-01
1.642623281263760004e+00,-1.250041473616837928e+00
2.368851516407416202e+00,-1.762423199665754447e+00
9.666782411982606238e-01,-8.563128559143680096e-01
2.252126502496690108e+00,-1.682060825316143537e+00
8.213905629831570465e-01,-7.795646528067357028e-01
2.371833767395207460e+00,-1.773834786521295781e+00
1.004153467824893120e+00,-8.795985391321733404e-01
1.929272655063466013e+00,-1.459333510884760932e+00
2.141681598176710111e+00,-1.617089352428117799e+00
2.640846123190215611e+00,-1.964492980245932996e+00
1.089480405916281036e+00,-9.212337540692053794e-01
2.466928190810544042e+00,-1.833727656057462907e+00
2.314613752614631093e+00,-1.737566998733330204e+00
9.167399219117877696e-01,-8.525711226554589794e-01
1.325578729308116488e+00,-1.087774394298860470e+00
2.379738374045168747e+00,-1.776059177011100276e+00
2.226352127264387359e+00,-1.707617468442357289e+00
2.173250806700096405e+00,-1.637257529337559969e+00
-2.347968074017122930e+00,1.745684403210249869e+00
2.104321314319325342e+00,-1.578562609653516802e+00
1.108670859055331581e+00,-9.830117449661155415e-01
2.485061374156311231e+00,-1.834952989659227818e+00
2.048026948006306469e+00,-1.552018162535507839e+00
1.537123645506473180e+00,-1.220065923861183954e+00
-2.618991135244288948e+00,1.947589420877915867e+00
1.102824373811563952e+00,-9.348647855228980896e-01
2.450077476778266039e+00,-1.855720672434725715e+00
2.506178372632697826e+00,-1.860870480034850116e+00
2.654068358936357175e+00,-1.963481328454427688e+00
1.464577540014354806e+00,-1.155148182531233525e+00
1.768166030824227519e+00,-1.400642381791543434e+00
1.889600580241529659e+00,-1.455863912927816362e+00
1.452697055678534577e+00,-1.197117415534689089e+00
2.407993839690817595e+00,-1.776783123778388429e+00
2.554957375773581507e+00,-1.881543745489568042e+00
2.258724410154960616e+00,-1.722897377557394583e+00
1.134501176990247107e+00,-9.973139096219455491e-01
1.160117517897645723e+00,-9.891386977671645653e-01
1.978851497617285959e+00,-1.516396690377473933e+00
1.825540642020913040e+00,-1.452495766942363042e+00
2.256467690520319813e+00,-1.717798937525281566e+00
2.411823677178555947e+00,-1.803733932419198327e+00
1.153139759423781330e+00,-9.711604643799977010e-01
2.616557518288106898e+00,-1.949059070767346746e+00
1.344132283951637419e+00,-1.122544443455311791e+00
1.610857489963068323e+00,-1.271094322173551561e+00
1.853719324132826030e+00,-1.450767077925651183e+00
1.855781025515129912e+00,-1.437641122602391075e+00
2.456980101396053939e+00,-1.841286555785613066e+00
2.125829863298210665e+00,-1.623144994878532366e+00
2.385312487735478548e+00,-1.809641215146001958e+00
2.563721229626515274e+00,-1.883149243238950055e+00
1.195535884529354442e+00,-9.738628795580432929e-01
2.090262868568414589e+00,-1.571049964150594391e+00
-1.682224330993244976e+00,1.336771950127964459e+00
1.522718239378090699e+00,-1.204671330099966742e+00
2.201481771567276535e+00,-1.643202856267131473e+00
1.882984920481642899e+00,-1.454198024932636057e+00
1.955428766332735657e+00,-1.456552230252210034e+00
2.357604269061707392e+00,-1.737279522098033935e+00
2.289253390853794645e+00,-1.718951608480481674e+00
2.238391433808256004e+00,-1.659383511652694931e+00
2.585940817023662852e+00,-1.920165387325021067e+00
1.949917688593978626e+00,-1.483291521888457698e+00
